id,naslov,cena,velikost,prodajalec,leto,nadstropje
5952316,LJ. MOSTE,200000.0,118.6,Kristal nepremiènine d.o.o.,1900,P
5797965,TACEN,200000.0,122.28,"REMAX Vogal, Nepremièninska družba, d.o.o.",2009,2
5929181,"LJ. BEŽIGRAD, ZUPANÈIÈEVA JAMA - VELIKA TERASA",200000.0,58.6,Eventum d.o.o.,2005,VP
6054338,"LJ. MOSTE, ZALOG",200000.0,108.3,Rocco nepremiènine d.o.o.,1960,1
6060505,"VIŽMARJE, GUNCLJE",200000.0,164.0,Mreža nepremiènin d.o.o.,2000,P+1
5938232,"LJ. ŠIŠKA, MALGAJEVA 2",200000.0,110.0,Zasebna ponudba,1986,4
5966303,"ÈRNUÈE, SPODNJE OKROGARJEVA 2",199365.19,99.06,LIN nepremiènine d.o.o.,2017,2
6034990,"TRNOVO, TRNOVSKA VRATA",199000.0,50.9,"Nepremiènine M8, Lea Kavaliè s.p.",2005,1
6047368,"LJ. VIÈ, VELIK ATRIJ",199000.0,89.0,Euromark-a d.o.o.,2008,ni podatka
6061555,LJ. BEŽIGRAD,199000.0,90.0,"MA - nepremièninska družba, Marko Aliè s.p.",1957,2
6054779,"LJ. BEŽIGRAD, TOP LOKACIJA",199000.0,80.0,Zasebna ponudba,2016,13
6061596,"LJ. BEŽIGRAD, SAVSKO NASELJE",199000.0,89.68,Svet RE d.o.o.,2016,2
6053927,LJ. CENTER,198500.0,63.6,Bajtiga poslovanje z nepremièninami d.o.o.,1900,3
6059836,"LJ. BEŽIGRAD, DUNAJSKA C.",198100.0,58.0,ARS-T d.o.o.,2014,3
6045193,"LJ. ŠIŠKA, SPODNJA",198000.0,87.0,LJUBLJANA NEPREMIÈNINE d.o.o.,1903,VP
6054459,"LJ. CENTER, KERSNIKOVA, NA NOTR. DVORIŠÈU",198000.0,85.0,Svet RE d.o.o.,1976,P+M
6061115,"LJ. BEŽIGRAD, ZELENI DVOR_SAVSKA CESTA",198000.0,130.24,COOP nepremiènine d.o.o.,2000,1
6016744,"LJ. ŠIŠKA, MANJŠI VILA BLOK, GARAŽA",198000.0,74.0,Mreža nepremiènin d.o.o.,1993,2
5922390,LJ. BEŽIGRAD,198000.0,95.0,"Stoja trade, d.o.o., Ljubljana",1935,2
6054016,LJ. MOSTE,197000.0,110.9,LJUBLJANA NEPREMIÈNINE d.o.o.,1900,P
6056979,"LJ. MOSTE, FUŽINE",197000.0,94.8,MESTO NEPREMIÈNIN d.o.o.,1986,1
6056945,"LJ. ŠIŠKA, SPODNJA",197000.0,87.0,MESTO NEPREMIÈNIN d.o.o.,1903,VP
6041083,"SP. ŠIŠKA, BLIŽINA CENTRA IN TIVOLIJA",197000.0,97.6,Zasebna ponudba,1903,VP
6048644,"LJ. MOSTE, BLIŽINA ZDRAVSTVENEGA DOMA",197000.0,110.92,"Stoja trade, d.o.o., Ljubljana",1900,P
5711219,"LJ. VIÈ, DOLGI MOST",196000.0,77.0,LJUBLJANA NEPREMIÈNINE d.o.o.,1997,2
6024242,LJ. ŠIŠKA,195000.0,102.3,MESTO NEPREMIÈNIN d.o.o.,1939,M
6028907,RAKOVNIK,195000.0,98.0,"REMAX Vogal, Nepremièninska družba, d.o.o.",1894,ni podatka
5981645,RUDNIK,195000.0,73.0,LJUBLJANA NEPREMIÈNINE d.o.o.,1910,P
5926326,LJ. VIÈ,195000.0,140.0,LJUBLJANA NEPREMIÈNINE d.o.o.,1976,2
6039102,"LJ. BEŽIGRAD, DUNAJSKA CESTA",195000.0,73.6,"Abstract nepremiènine, Igor Kerin s.p.",2011,1
6060417,"ÈRNUÈE, ÈRNUŠKA GMAJNA",195000.0,105.9,LJUBLJANA NEPREMIÈNINE d.o.o.,2006,2
6052322,LJ. BEŽIGRAD,195000.0,92.26,"Stoja trade, d.o.o., Ljubljana",1939,2
6030022,ŠENTVID,195000.0,112.8,Zasebna ponudba,1939,P
6049791,"LJ. ŠIŠKA, CELOVŠKI DVORI",193000.0,92.9,"Ornis, nepremiènine, zastopanje in svetovanje d.o.o.",2009,4
6054156,LJ. BEŽIGRAD,193000.0,60.9,Mreža nepremiènin d.o.o.,1965,2
6042265,LJ. CENTER,190000.0,44.7,Rocco nepremiènine d.o.o.,2008,P
5786395,"TACEN, DOBRA LOKACIJA",190000.0,116.5,"REMAX Vogal, Nepremièninska družba, d.o.o.",2009,M
6054339,"LJ. MOSTE, ZALOG",190000.0,99.5,Rocco nepremiènine d.o.o.,1960,2
6059643,LJ. VIÈ,190000.0,82.5,LJUBLJANA NEPREMIÈNINE d.o.o.,1955,P
6009915,"LJ. ŠIŠKA, VODNIKOVA 4 - STARA CERKEV",190000.0,101.0,Zasebna ponudba,1985,1
5947648,"LJ. BEŽIGRAD, ŽUPANÈIÈEVA JAMA",189900.0,62.0,1.AMS d.o.o.,1994,5
6017389,LJ. VIÈ,189000.0,73.0,Arcimboldo d.o.o.,2004,2
6027812,"POLJE, ZALOG",189000.0,116.0,LJUBLJANA NEPREMIÈNINE d.o.o.,1972,1
6042666,"LJ. BEŽIGRAD, ATRIJ UL. METODA MIKUŽA RAPOVA J",189000.0,62.8,"Visa d.o.o., Ljubljana",1983,P
6059894,"LJ. BEŽIGRAD, BLIŽINA PLEÈNIKOVEGA STADIONA",189000.0,108.8,"STAN nepremiènine d.o.o., Ljubljana",2002,2
6003339,LJ. BEŽIGRAD,189000.0,108.8,"Stoja trade, d.o.o., Ljubljana",1932,3
5990230,"LJ. BEŽIGRAD, MOŽNOST PREDELAVE V 1 SOBNO",188582.93,55.32,"Nepremiènine M8, Lea Kavaliè s.p.",2014,3
6059796,"LJ. BEŽIGRAD, GLAVARJEVA",187500.0,62.2,Feniks nepremiènine d.o.o.,1965,2
6057312,LJ. ŠIŠKA,187409.24,62.36,"Stoja trade, d.o.o., Ljubljana",2018,P
6055710,RAKOVNIK,187000.0,47.63,Rocco nepremiènine d.o.o.,2016,2
6059094,"LJ. ŠIŠKA, NASPROTI HALE TIVOLI",186000.0,87.2,ABC nepremiènine d.o.o.,1935,ni podatka
6053894,"LJ. CENTER, TRUBARJEVA CESTA",185000.0,80.0,"REMAX Vogal, Nepremièninska družba, d.o.o.",1930,3
6057348,"LJ. ŠIŠKA, UL. ANE ZIHERLOVE",185000.0,69.9,"Nepremièninska agencija ""TLORIS"" Miro Toriæ s.p., Poslovna enota",1970,1
6059082,"LJ. CENTER, VODMAT - GRABLOVIÈEVA ULICA",185000.0,89.0,Nepremiènine Plus d.o.o.,2006,5
6061220,"LJ. ŠIŠKA, VILA V BLIŽINI ROŽNIKA",185000.0,103.77,"STAN nepremiènine d.o.o., Ljubljana",2010,2
6050974,BROD,185000.0,60.7,Zasebna ponudba,2004,P
6053573,"LJ. BEŽIGRAD, SAVSKI KAMEN",185000.0,56.0,Zasebna ponudba,2007,3
6060426,"LJ. BEŽIGRAD, KRŽIÈEVA ULICA",185000.0,83.0,Zasebna ponudba,1931,3
5988490,"LJ. ŠIŠKA, DRAVLJE",185000.0,100.0,Zasebna ponudba,2004,P
6052821,"DOLGI MOST, VIÈ",184900.0,135.0,Zasebna ponudba,2016,2
6036880,LJ. CENTER,183000.0,73.6,"Stoja trade, d.o.o., Ljubljana",1962,9
6056353,"RUDNIK, ŠKOFLJICA, KUPEC NE PLAÈA PROVIJE",181950.0,77.7,MESTO NEPREMIÈNIN d.o.o.,2016,1
5970832,"RUDNIK, BARJANSKA ULICA, TRNOVSKA VRATA",181000.0,54.8,Vilmar nepremiènine d.o.o.,2005,2
6048875,"LJ. MOSTE, ŠTEPANJSKO NASELJE",180000.0,83.0,MESTO NEPREMIÈNIN d.o.o.,1976,3
6057775,NOVE JARŠE,180000.0,150.7,Maridom nepremiènine d.o.o.,1940,VP
6059883,BEŽIGRAJSKI DVOR,180000.0,84.1,"Livo d.o.o., PE nepremièninsko posredovanje",1931,3
6059878,LJ. MOSTE,180000.0,84.0,"Livo d.o.o., PE nepremièninsko posredovanje",1976,3
6060742,LJ. MOSTE,180000.0,84.0,Neptun nepremiènine - Borut Vodopivec s.p.,1976,3
6061010,"LJ. BEŽIGRAD, KRŽIÈEVA",180000.0,84.1,Feniks nepremiènine d.o.o.,1968,4
6046575,"BEŽIGRAJSKI DVOR, KRŽIÈEVA ULICA 6",180000.0,84.0,Zasebna ponudba,1968,4
6060733,"LJ. BEŽIGRAD, MED BEŽIGRAJSKIM DVOROM IN PLAVO LAGUNO",180000.0,84.0,Mreža nepremiènin d.o.o.,1968,3
6001604,VIŽMARJE,179000.0,372.0,"Rebernik nepremiènine, Samo Rebernik s.p.",1926,K+P+1
6054542,"LJ. ŠIŠKA, BRILEJEVA UL., NAKUP BREZ PROVIZ",179000.0,98.8,"Gratek, Kohne in partner k.d.",1983,2
6059254,"JARŠE, ZELO LEPO STANOVANJE",179000.0,79.2,MKA nepremiènine d.o.o.,1982,7
6054170,"ROŽNA DOLINA, NA VIÈU V LJUBLJANI",179000.0,148.0,Zasebna ponudba,1968,1
6025667,ZG. ŠIŠKA,179000.0,107.1,"Stoja trade, d.o.o., Ljubljana",1947,1
6015582,"LJ. VIÈ, LANOVO - ŠKOFLJICA",178950.0,122.9,Nepremiènine Plus d.o.o.,2016,2
6056349,"RUDNIK, ŠKOFLJICA, KUPEC NE PLAÈA PROVIJE",178950.0,78.5,MESTO NEPREMIÈNIN d.o.o.,2016,2
6056344,"RUDNIK, ŠKOFLJICA, KUPEC NE PLAÈA PROVIJE",178900.0,78.1,MESTO NEPREMIÈNIN d.o.o.,2016,1
6056346,"RUDNIK, ŠKOFLJICA, KUPEC NE PLAÈA PROVIJE",178900.0,78.0,MESTO NEPREMIÈNIN d.o.o.,2016,2
6047550,"LJ. ŠIŠKA, KOSEZE - TERASASTI BLOKI",178000.0,76.81,HDS d.o.o.,1978,3
6058108,"LJ. ŠIŠKA, KOSEZE",178000.0,76.2,"STAN nepremiènine d.o.o., Ljubljana",1978,3
6058696,"LJ. ŠIŠKA, KOSEZE - TERASASTI BLOKI",178000.0,76.81,HDS d.o.o.,1978,3
6058441,LJ. BEŽIGRAD,178000.0,84.1,Agencia d.o.o.,1968,3
6058651,"LJ. ŠIŠKA, KOSEZE",178000.0,76.2,"STAN nepremiènine d.o.o., Ljubljana",1978,3
6055743,RAKOVNIK,176000.0,47.63,Rocco nepremiènine d.o.o.,2016,1
6058636,LJ. ŠIŠKA,176000.0,70.9,"INBA, nepremièninska družba, d.o.o.",1964,2
6044705,"LJ. BEŽIGRAD, PERIÈEVA 7",175000.0,78.0,DARMAL d.o.o.,1967,5
6046744,"ZUPANÈIÈEVA JAMA, ŠTIHOVA ULICA",175000.0,68.5,Rojal invest d.o.o.,2000,3
6050745,"LJ. MOSTE, FUŽINE - ATRIJSKO",175000.0,69.6,KU-MI nepremiènine d.o.o.,1986,P
6021674,"FUŽINE, ATRIJSKO",175000.0,70.0,KU-MI nepremiènine d.o.o.,2015,P
6054146,"BTC, ŠMARTINSKA CESTA 72, ATRIUM",175000.0,58.8,Apolonij d.o.o.,2009,1
6055491,"LJ. ŠIŠKA, VIŽMARJE, Z VRTOM",175000.0,84.0,"Erjavec nepremiènine, Erjavec Dušan s.p.",1955,VP
6059816,LJ. ŠIŠKA,175000.0,69.0,Enepremiènine Ana Ocvirk s.p.,1974,10
6059557,LJ. ŠIŠKA,175000.0,95.6,MKA nepremiènine d.o.o.,1978,5
6040392,"ŠTEPANJSKO NASELJE, NUSDORFERJEVA",175000.0,76.0,Domart RE d.o.o.,ni podatka,P
6061060,"LJ. BEŽIGRAD, HERBERSTEINOVA ULICA",174000.0,87.5,Real Go d.o.o.,2002,3
6050485,"LJ. VIÈ, VRHOVCI",173000.0,95.0,Hiša nepremiènine 1 d.o.o.,2001,2
6060631,"RUDNIK, KNEZOV ŠTRADON, ATRIJSKO",173000.0,56.5,PREMIER NEPREMIÈNINE posredovanje d.o.o.,2008,P
6035645,LJ. ŠIŠKA,173000.0,77.0,ABC nepremiènine d.o.o.,1982,ni podatka
6015575,"LJ. VIÈ, LANOVO - ŠKOFLJICA",172500.0,65.3,Nepremiènine Plus d.o.o.,2016,1
6059771,"LJ. BEŽIGRAD, VOJKOVA, BLIZU LINHARTOVE",172000.0,76.0,"Erjavec nepremiènine, Erjavec Dušan s.p.",1980,2
6012713,ŠMARTNO POD ŠMARNO GORO,170000.0,96.4,"STAN nepremiènine d.o.o., Ljubljana",1992,1
6001232,"LJ. CENTER, FRIŠKOVEC",170000.0,106.0,Arcimboldo d.o.o.,1929,PK
6047211,"LJ. CENTER, TABOR",170000.0,106.0,LJUBLJANA NEPREMIÈNINE d.o.o.,1920,PK
6050227,LJ. BEŽIGRAD,170000.0,114.3,"Advice, d.o.o.",1927,1
6045389,"KOSEZE, TERASASTI BLOKI, BRATOV UÈAKAR",170000.0,78.1,Damijan Meško s.p.,1978,3
6059692,"LJ. BEŽIGRAD, BEŽIGRAJSKI DVOR - PERIÈEVA",170000.0,90.0,"JA Invest, d.o.o.",1956,4
6032030,"TACEN, ODLIÈNA, BLIZU AC IN LPP, ATRIJ",170000.0,114.03,"REMAX Vogal, Nepremièninska družba, d.o.o.",2009,P
6060808,DRAVLJE,170000.0,80.0,Eventum d.o.o.,1974,1
5967372,"ÈRNUÈE, SPODNJE OKROGARJEVA 2",169850.0,85.04,LIN nepremiènine d.o.o.,2017,2
6032283,"LJ. BEŽIGRAD, STANIÈEVA ULICA",169000.0,166.0,"Abstract nepremiènine, Igor Kerin s.p.",1960,1
5930594,LJ. BEŽIGRAD,169000.0,65.0,LJUBLJANA NEPREMIÈNINE d.o.o.,1984,VP
5936334,LJ. BEŽIGRAD,169000.0,97.8,ABC nepremiènine d.o.o.,1933,1
6059953,LJ. MOSTE,168500.0,84.6,"STAN nepremiènine d.o.o., Ljubljana",1968,1
6059137,LJ. MOSTE,168500.0,84.6,"Panorama 360, Katja Gložanèev s.p.",1968,1
5634772,"ŠTEPANJSKO NASELJE, NUSDORFERJEVA",167000.0,80.0,"Komfort skupina d.o.o., nepremiènine",2012,ni podatka
6048689,"ÈRNUÈE, NASELJE SAVSKI BREG",167000.0,66.0,"NIONA, Nina Rangus s.p.",2009,2
6051211,DOBRUNJE,167000.0,85.0,Moneta Invest d.o.o.,1985,M
6054023,"LJ. MOSTE, VODMAT",167000.0,67.8,LJUBLJANA NEPREMIÈNINE d.o.o.,1935,1
6060440,ÈRNUÈE,167000.0,66.0,LJUBLJANA NEPREMIÈNINE d.o.o.,2009,2
6049890,ÈRNUÈE,167000.0,66.0,Viping d.o.o.,2009,2
6050636,ŠTEPANJSKO NASELJE,167000.0,86.0,Zasebna ponudba,1974,4
6048360,"LJ. BEŽIGRAD, LINHARTOVA CESTA",166800.0,81.7,Gradex nepremiènine d.o.o.,1961,13
5967375,"ÈRNUÈE, SPODNJE OKROGARJEVA 2",166180.0,81.51,LIN nepremiènine d.o.o.,2017,3
5967374,"ÈRNUÈE, SPODNJE OKROGARJEVA 2",165710.0,81.07,LIN nepremiènine d.o.o.,2017,3
5991535,RAKOVNIK,165000.0,129.0,"Dom domis, Živa Logar, s.p.",1930,P+M
5996627,"LJ. VIÈ, RAKOVNIK",165000.0,125.0,MESTO NEPREMIÈNIN d.o.o.,1930,P
5952176,"LJ. VIÈ, TRŽAŠKA",165000.0,67.0,"Moja vila, Tina Dolinar s.p.",2004,P
6023327,"LJ. MOSTE, KAJUHOVA",165000.0,70.7,Pun nepremiènine d.o.o.,1967,11
6038053,LJ. ŠIŠKA,165000.0,86.0,"Salomon nepremiènine, Anže Nahtigal, s.p.",1967,1
6044323,"ZG. ŠIŠKA, LJ., ŠIŠENSKA ULICA",165000.0,92.0,"Vlado Babiæ s.p., poslovna enota ATLAS NEPREMIÈNINE",1910,1
6045706,"FUŽINE, OSENJAKOVA",165000.0,87.0,Nepremiènine Plus d.o.o.,1988,4
6041439,KOSEZE,165000.0,92.0,Senon d.o.o.,2007,1
6039454,"LJ. BEŽIGRAD, BRATOVŠEVA PLOŠÈAD",165000.0,71.2,LJUBLJANA NEPREMIÈNINE d.o.o.,1972,11
6055819,"LJ. MOSTE, BLIŽINA KC IN KODELJEVEGA",165000.0,63.8,Rocco nepremiènine d.o.o.,1972,3
6055464,"LJ. BEŽIGRAD, BRATOVŠEVA PLOŠÈAD",165000.0,74.8,MESTO NEPREMIÈNIN d.o.o.,1978,11
6053078,DRAVLJE,165000.0,76.6,"Nepremièninska agencija ""TLORIS"" Miro Toriæ s.p., Poslovna enota",1983,3
6057713,"LJ. CENTER, BLIZU VILE URBANA",165000.0,40.0,MESTO NEPREMIÈNIN d.o.o.,1970,6
6059075,LJ. BEŽIGRAD,165000.0,69.0,Za nepremiènine d.o.o.,2008,VP
6060413,LJ. MOSTE,165000.0,63.8,"REMAX Vogal, Nepremièninska družba, d.o.o.",1972,3
6060999,"LJ. BEŽIGRAD, ŠARHOVA ULICA",165000.0,77.2,"Dodoma d.o.o., PE Ljubljana",1964,3
6061089,"LJ. BEŽIGRAD, PERIÈEVA ULICA",165000.0,78.0,Mernet d.o.o.,1967,4
6061279,"SP. ŠIŠKA, ZOFKE KVEDROVE",165000.0,75.0,ARHCOM nepremiènine d.o.o.,1948,2
6036838,TABOR,165000.0,106.7,Zasebna ponudba,1929,ni podatka
6054209,LJ. CENTER,165000.0,42.4,Atrium nepremiènine d.o.o.,1970,ni podatka
6040711,LJ. BEŽIGRAD,165000.0,77.2,ABC nepremiènine d.o.o.,1940,VP
5967377,"ÈRNUÈE, SPODNJE OKROGARJEVA 2",164910.0,76.84,LIN nepremiènine d.o.o.,2017,P
6059820,"LJ. BEŽIGRAD, BRATOVŠEVA PLOŠÈAD - RAZGLED",164900.0,74.1,"JA Invest, d.o.o.",1975,11
5967369,"ÈRNUÈE, SPODNJE OKROGARJEVA 2",163642.63,82.84,LIN nepremiènine d.o.o.,2017,1
5967381,"ÈRNUÈE, SPODNJE OKROGARJEVA 2",163240.0,74.42,LIN nepremiènine d.o.o.,2017,P
6054214,LJ. ŠIŠKA,162600.0,84.1,"Stoja trade, d.o.o., Ljubljana",2009,5
6058751,"LJ. CENTER, BREG",162500.0,54.0,FIRMA nepremiènine Martinoviæ & Co. k.d.,1760,2
6053694,LJ. ŠIŠKA,162200.0,91.7,"Stoja trade, d.o.o., Ljubljana",2009,5
5990842,"LJ. CENTER, STARA",162000.0,54.0,Zasebna ponudba,1760,2
5967371,"ÈRNUÈE, SPODNJE OKROGARJEVA 2",161922.81,79.69,LIN nepremiènine d.o.o.,2017,2
5967367,"ÈRNUÈE, SPODNJE OKROGARJEVA 2",161070.0,81.07,LIN nepremiènine d.o.o.,2017,1
6052812,"LJ. CENTER, ZRAVEN VILE URBANA SAMOSTOJNI",161000.0,50.0,Zasebna ponudba,1970,5
6053692,LJ. ŠIŠKA,161000.0,76.5,"Stoja trade, d.o.o., Ljubljana",2009,7
6044178,"DOBRUNJE, PODMOLNIK - ZAVRŠJE",160000.0,110.0,"24-ur.eu, Dean Daraboš s.p.",1990,P
5982626,FUŽINE,160000.0,87.0,Gradex nepremiènine d.o.o.,1987,1
6031488,"LJ. VIÈ, TRNOVO",160000.0,76.0,"Abstract nepremiènine, Igor Kerin s.p.",1933,1
5954285,ŠENTVID,160000.0,69.32,LJUBLJANA NEPREMIÈNINE d.o.o.,1954,VP
6051054,"LJ. BEŽIGRAD, REBOLJEVA ULICA",160000.0,78.5,Mernet d.o.o.,2000,4
6054331,"LJ. MOSTE, ZALOG",160000.0,82.2,Rocco nepremiènine d.o.o.,1960,2
6060613,"LJ. MOSTE, ŠTEPANJSKO NASELJE",160000.0,64.8,MESTO NEPREMIÈNIN d.o.o.,1978,10
6050483,LJ. CENTER,160000.0,70.9,"Stoja trade, d.o.o., Ljubljana",1930,ni podatka
6058421,"ŠTEPANJA VAS, BILEÈANSKA ULICA 5",160000.0,65.0,Zasebna ponudba,1978,10
5935461,LJ. BEŽIGRAD,160000.0,78.8,Domart RE d.o.o.,1980,4
6050862,"BROD, SOSESKA OSMICA",159533.0,48.81,Medvešek Pušnik Nepremiènine d.o.o.,2016,1
6049562,"LJ. MOSTE, FUŽINE, RUSJANOV TRG",159000.0,74.2,Studio modul d.o.o.,1986,4
6051798,"LJ. BEŽIGRAD, MAROLTOVA UL.",159000.0,77.7,"MA - nepremièninska družba, Marko Aliè s.p.",1979,3
6031712,DRAVLJE,159000.0,79.8,Optima nepremiènine d.o.o.,1983,5
6056330,"LJ. CENTER, GRADIŠÈE",159000.0,70.0,ALEA nepremièninska družba d.o.o.,1962,1
6058042,"LJ. ŠIŠKA, DRAVLJE",159000.0,76.6,MESTO NEPREMIÈNIN d.o.o.,1983,5
6060947,BROD,159000.0,57.8,Zasebna ponudba,2009,M
6004359,"LJ. MOSTE, LE STRELJAJ OD CENTRA",159000.0,69.0,Zasebna ponudba,1987,P
6053693,LJ. ŠIŠKA,158500.0,74.3,"Stoja trade, d.o.o., Ljubljana",2009,6
6030279,ÈRNUÈE,158000.0,85.1,LJUBLJANA NEPREMIÈNINE d.o.o.,1988,3
6044606,LJ. ŠIŠKA,158000.0,79.1,Rocco nepremiènine d.o.o.,1978,7
6051130,"LJ. BEŽIGRAD, ÈRNUÈE, POLANŠKOVA",158000.0,85.12,Mernet d.o.o.,1988,3
6040723,ÈRNUÈE,158000.0,85.12,PAK INVEST d.o.o.,1988,3
6058217,"ZG. ŠIŠKA, CELOVŠKA CESTA, BLIŽINA LPP",157000.0,63.0,Rojal invest d.o.o.,1970,2
6042145,ÈRNUÈE,157000.0,85.1,"STAN nepremiènine d.o.o., Ljubljana",1988,3
6053697,LJ. ŠIŠKA,156700.0,91.7,"Stoja trade, d.o.o., Ljubljana",2009,2
6054324,LJ. MOSTE,156000.0,62.7,SKYNEP nepremiènine d.o.o.,2016,VP
6054327,LJ. MOSTE,156000.0,65.5,SKYNEP nepremiènine d.o.o.,2016,1
6059601,"LJ. ŠIŠKA, NASPROTI KINO",156000.0,82.5,"Lobodas, posredništvo in storitve d.o.o., PE Kostanjevica na Krki",1932,M
6059857,"LJ. ŠIŠKA, OBIRSKA ULICA",156000.0,82.0,"Lobodas, posredništvo in storitve d.o.o., PE Kostanjevica na Krki",1938,M
6061164,"LJ. CENTER, KOLODVORSKA ULICA",156000.0,56.2,COOP nepremiènine d.o.o.,1988,5
6060003,"LJ. CENTER, - NOVE POLJANE",156000.0,42.2,Zasebna ponudba,1998,1
6019975,LJ. CENTER,155000.0,65.7,Agencia d.o.o.,1989,2
6017955,"LJ. BEŽIGRAD, DUNAJSKA",155000.0,96.5,METROPOLA IN d.o.o.,2003,ni podatka
6043150,"LJ. MOSTE, KODELJEVO",155000.0,69.6,MESTO NEPREMIÈNIN d.o.o.,1946,1
6022395,"LJ. CENTER, GORNJI TRG",155000.0,65.7,Rocco nepremiènine d.o.o.,1763,2
6003202,LJ. CENTER,155000.0,65.7,Novi list d.o.o.,1763,ni podatka
6013598,"LJ. ŠIŠKA, GOSPODINJSKA ULICA",155000.0,102.3,"Salomon nepremiènine, Anže Nahtigal, s.p.",1950,1
6042426,"LJ. MOSTE, KODELJEVO",155000.0,67.5,LJUBLJANA NEPREMIÈNINE d.o.o.,1946,1
6022573,"TACEN, ODLIÈNA, ATRIJ",155000.0,97.74,"REMAX Vogal, Nepremièninska družba, d.o.o.",2009,P
6058035,"LJ. CENTER, SLOMŠKOVA ULICA",155000.0,61.63,Nepremiènine in cenitve Mitnica Uroš Jere s.p.,1968,VP
6059139,"LJ. ŠIŠKA, DRAVLJE, BRILEJEVA",155000.0,76.0,Mikljiè-Hribar Company d.o.o.,1982,6
6059246,LJ. CENTER,155000.0,64.1,Rojal invest d.o.o.,1994,M
6027950,LJ. CENTER,155000.0,50.9,Mernet d.o.o.,1959,4
6029452,LJ. CENTER,155000.0,64.0,DVOREC POSREDNIŠKA HIŠA d.o.o.,1763,2
6061354,"LJ. ŠIŠKA, CELOVŠKA",155000.0,65.1,Makra as Marko Krajner s.p.,1974,2
5824901,"LJ. CENTER, GORNJI TRG",155000.0,65.0,Zasebna ponudba,1994,2
6042550,"LJ. MOSTE, KODELJEVO, Z GARAŽO",155000.0,70.0,Mreža nepremiènin d.o.o.,ni podatka,1
6033218,KODELJEVO,155000.0,69.6,ABC nepremiènine d.o.o.,1946,ni podatka
6012840,"LJ. CENTER, MESTNI TRG",154000.0,45.4,Garant - Gabrijela Smuk s.p.,1800,1
6053715,"LJ. ŠIŠKA, KINO",154000.0,65.0,Fortuna int. d.o.o.,1972,5
6053689,LJ. ŠIŠKA,153800.0,72.1,"Stoja trade, d.o.o., Ljubljana",2009,6
6051972,"LJ. BEŽIGRAD, ATRIJSKO, GLINŠKOVA PLOŠÈAD",153000.0,60.0,Tanal d.o.o.,1980,P
6053089,LJ. ŠIŠKA,152100.0,76.5,"Stoja trade, d.o.o., Ljubljana",2009,5
6045175,"LJ. BEŽIGRAD, GLINŠKOVA PLOŠÈAD",152000.0,60.2,LJUBLJANA NEPREMIÈNINE d.o.o.,1978,4
6048752,LJ. BEŽIGRAD,152000.0,66.5,"Stoja trade, d.o.o., Ljubljana",1978,4
6055565,ÈRNUÈE,152000.0,66.5,Mreža nepremiènin d.o.o.,1978,4
6060574,"LJ. BEŽIGRAD, PLAVA LAGUNA",151000.0,58.2,MESTO NEPREMIÈNIN d.o.o.,1974,3
6010104,TRNOVO,150000.0,53.2,LJUBLJANA NEPREMIÈNINE d.o.o.,1992,2
5995107,DRAVLJE,150000.0,72.7,LJUBLJANA NEPREMIÈNINE d.o.o.,1979,3
6049284,DRAVLJE,150000.0,72.6,Roni nepremiènine d.o.o.,1983,3
6057515,"LJ. BEŽIGRAD, VOJKOVA",150000.0,81.0,"""NOTE"" poslovne storitve Polona Bobera s.p.",1980,19
6060744,"LJ. ŠIŠKA, Z ATRIJEM",150000.0,62.0,Neptun nepremiènine - Borut Vodopivec s.p.,2004,P
6013120,"LJ. CENTER, LJUBLJANICA - ŽITNI MOST",150000.0,73.6,"Zaltis, d.o.o., Ljubljana",1896,M
6044543,"LJ. BEŽIGRAD, FABIANIJEVA",150000.0,61.3,Kristal nepremiènine d.o.o.,1957,4
6060684,LJ. BEŽIGRAD,150000.0,45.0,Zasebna ponudba,1975,1
6023381,"TRNOVO, KOLEZIJA",150000.0,50.0,Zasebna ponudba,1940,VP
6059901,"PRŽAN, 2 KM OD OBVOZNICE, OB GOZDU",149900.0,212.0,Zasebna ponudba,1955,1
6061582,"LJ. BEŽIGRAD, LUŽIŠKO SRBSKA ULICA 7 NOVO",149900.0,56.0,Proint d.o.o.,1962,4
5947540,"RUDNIK, KNEZOV ŠTRADON",149600.0,67.0,"Nepremièninska agencija ""TLORIS"" Miro Toriæ s.p., Poslovna enota",2006,P
6037585,ŠENTVID,149500.0,147.0,"RE/MAX Premium, Celje, Nepremièninska družba, d.o.o.",2004,P
5961693,LJ. ŠIŠKA,149000.0,59.4,Inalbea d.o.o.,2000,P
6027045,"ÈRNUÈE, DUNAJSKA 319",149000.0,79.8,"REMAX Vogal, Nepremièninska družba, d.o.o.",1996,2
6031139,LJ. ŠIŠKA,149000.0,89.0,DVOREC POSREDNIŠKA HIŠA d.o.o.,1966,2 
6061387,LJ. BEŽIGRAD,149000.0,72.8,"STAN nepremiènine d.o.o., Ljubljana",1981,ni podatka
6057511,"BS 3, PUHOVA",149000.0,66.1,MKA nepremiènine d.o.o.,1976,1
6059368,"ŠENTVID, ZVEZDA 12",149000.0,81.0,Heta Asset Resolution d.o.o.,1954,ni podatka
6053691,LJ. ŠIŠKA,148200.0,74.5,"Stoja trade, d.o.o., Ljubljana",2009,4
6045634,"LJ. BEŽIGRAD, ÈRNUÈE, SAVSKI BREG",148000.0,62.0,Mikljiè-Hribar Company d.o.o.,2009,P
6045607,"LJ. BEŽIGRAD, ÈRNUÈE, SAVSKI BREG",148000.0,62.0,Mikljiè-Hribar Company d.o.o.,2009,P
6057746,"ÈRNUÈE, KOROŠKEGA BATALJONA",148000.0,64.31,K2 finance d.o.o.,2010,P
6058618,LJ. ŠIŠKA,148000.0,77.4,"STAN nepremiènine d.o.o., Ljubljana",1949,ni podatka
5953705,LJ. MOSTE,148000.0,75.2,DVOREC POSREDNIŠKA HIŠA d.o.o.,1960,VP
6056832,NOVE JARŠE,148000.0,73.7,MKA nepremiènine d.o.o.,1980,2
5933331,"LJ. ŠIŠKA, DRAVLJE",147000.0,73.0,Pogodba nepremiènine in pravno svetovanje d.o.o.,1983,3
5641420,LJ. BEŽIGRAD,146000.0,78.16,Nepremiènine Plus d.o.o.,1954,1
5996409,"ŠENTVID, SELANOV TRG",146000.0,76.0,NeSta d.o.o.,1990,1
6054213,LJ. ŠIŠKA,145900.0,76.4,"Stoja trade, d.o.o., Ljubljana",2009,4
5967380,"ÈRNUÈE, SPODNJE OKROGARJEVA 2",145850.0,73.08,LIN nepremiènine d.o.o.,2017,1
6046939,"KODELJEVO, POVŠETOVA ULICA",145000.0,67.15,"HISTAN, posredovanje z nepremièninami Vlasta Šinkovec s.p.",1964,4
6034821,"LJ. ŠIŠKA, PODUTIK",145000.0,89.4,LJUBLJANA NEPREMIÈNINE d.o.o.,1966,1
6051490,"LJ. BEŽIGRAD, BLIŽINA FAKULTET - BS3",145000.0,53.17,Realia d.o.o.,1976,1
6056957,LJ. BEŽIGRAD,145000.0,56.5,MESTO NEPREMIÈNIN d.o.o.,1979,3
6058474,"KOSEZE, UL. BRATOV UÈAKAR, ATRIJSKO",145000.0,55.4,"Gratek, Kohne in partner k.d.",1978,P
6059640,"LJ. ŠIŠKA, NASPROTI CELOVŠKIH DVOROV",145000.0,78.0,"Lobodas, posredništvo in storitve d.o.o., PE Kostanjevica na Krki",1963,P
6059940,"BEŽIGRAJSKI DVOR, ZUPANÈIÈEVA JAMA",145000.0,51.0,"STANART d.o.o., PE LJUBLJANA",2009,3
6048818,"BS 3, BLIŽINA FAKULTET",145000.0,53.17,Zasebna ponudba,1976,1
6060552,"RAKOVNIK, Z GARAŽO",145000.0,61.1,MKA nepremiènine d.o.o.,1974,3
6003266,"RUDNIK, DOLENJSKA CESTA",145000.0,52.0,Zasebna ponudba,1970,2
6050873,LJ. BEŽIGRAD,145000.0,48.0,Zasebna ponudba,2011,3
5993600,STARA LJ.,145000.0,50.0,Mreža nepremiènin d.o.o.,2016,M
5967391,"ÈRNUÈE, SPODNJE OKROGARJEVA 2",142280.0,58.1,LIN nepremiènine d.o.o.,2017,P
6052713,"LJ. BEŽIGRAD, BLIŽINA POP TV",142000.0,57.0,Damijan Meško s.p.,1961,P
6052496,"LJ. BEŽIGRAD, BLIŽINA POP TV",142000.0,42.6,Damijan Meško s.p.,1961,P
6058180,"LJ. CENTER, IGRIŠKA ULICA",141600.0,47.2,"Zaltis, d.o.o., Ljubljana",1930,PK
6014930,ÈRNUÈE,140000.0,45.6,Blok d.o.o.,2010,2
6033232,"ÈRNUÈE, SAVSKI BREG",140000.0,83.0,Blok d.o.o.,2009,P
6041364,ÈRNUÈE,140000.0,45.7,"Livo d.o.o., PE nepremièninsko posredovanje",2009,2
6012126,"ÈRNUÈE, SAVSKI BREG",140000.0,45.7,Pun nepremiènine d.o.o.,2009,2
5995287,LJ. BEŽIGRAD,140000.0,45.68,Rešer d.o.o. PE Rešer nepremiènine,2010,2
6031958,"LJ. BEŽIGRAD, ÈRNUÈE",140000.0,83.0,"Nepremiènine M8, Lea Kavaliè s.p.",2009,P
6046486,ZG. KAŠELJ,140000.0,54.9,MESTO NEPREMIÈNIN d.o.o.,2006,1
6058999,"LJ. BEŽIGRAD, SAVSKI BREG",140000.0,45.7,Rojal invest d.o.o.,2009,3
6060530,"LJ. CENTER, VODMAT",140000.0,70.8,"Nepremièninska agencija ""TLORIS"" Miro Toriæ s.p., Poslovna enota",1964,2
5901870,"ÈRNUÈE, LJ. - SAVSKI BREG",140000.0,45.68,Zasebna ponudba,2010,2
6061613,"ÈRNUÈE, SPODNJE",140000.0,45.7,LJUBLJANA NEPREMIÈNINE d.o.o.,2009,2
6058910,VIŽMARJE,139900.0,126.0,Zasebna ponudba,1967,VP
6049980,"VIŽMARJE, BLIZU AC PRIKLJUÈKA",139900.0,126.6,Domart RE d.o.o.,1967,K+P+1+2
5982651,"LJ. BEŽIGRAD, BS3",139000.0,61.3,LJUBLJANA NEPREMIÈNINE d.o.o.,1980,19
6051859,ÈRNUÈE,139000.0,96.5,Roni nepremiènine d.o.o.,1934,VP
6059782,DOLGI MOST,139000.0,67.2,"INBA, nepremièninska družba, d.o.o.",1999,2
6055215,"KOSEZE, BLIŽINA KOSEŠKEGA BAJERJA",139000.0,60.1,"Stoja trade, d.o.o., Ljubljana",1971,P
6042805,"VRHOVCI, MIRNA LOKACIJA V ZELENJU",139000.0,90.36,Zasebna ponudba,1955,VP
6016900,"LJ. VIÈ, DOLGI MOST",139000.0,67.0,Zasebna ponudba,1999,2
6037555,"LJ. BEŽIGRAD, BLIZU CENTRA IN AC, LPP, PRILIKA",138900.0,179.8,"REMAX Vogal, Nepremièninska družba, d.o.o.",1959,1
6054775,LJ. ŠIŠKA,138500.0,74.9,"Stoja trade, d.o.o., Ljubljana",2009,7
6050857,"LJ. VIÈ, TRNOVSKO PREDMESTJE, MURGLE",138000.0,51.0,ALEA nepremièninska družba d.o.o.,1966,1
6056978,LJ. BEŽIGRAD,138000.0,50.5,MESTO NEPREMIÈNIN d.o.o.,1965,1
6048735,ÈRNUÈE,137000.0,45.7,Agencia d.o.o.,2009,ni podatka
6058103,ÈRNUÈE,137000.0,45.68,"MA - nepremièninska družba, Marko Aliè s.p.",2010,2
6050234,BS 3,137000.0,56.4,Media nepremiènine d.o.o.,1977,ni podatka
6060618,"BS 3, BEŽIGRAD BLIŽINA EKON - FAKULTET",137000.0,56.4,"STAN nepremiènine d.o.o., Ljubljana",1977,P
6045657,LJ. BEŽIGRAD,137000.0,57.0,"Dominos d.o.o., PE Ljubljana",1960,1
6050861,"BROD, SOSESKA OSMICA",136424.0,41.29,Medvešek Pušnik Nepremiènine d.o.o.,2016,1
6033361,"BROD, SOSESKA OSMICA",136424.0,41.29,Medvešek Pušnik Nepremiènine d.o.o.,2016,1
6035703,RUDNIK,136000.0,75.8,ABC nepremiènine d.o.o.,1905,ni podatka
6054216,LJ. ŠIŠKA,135800.0,72.1,"Stoja trade, d.o.o., Ljubljana",2009,6
6045723,"LJ. ŠIŠKA, - VIŽMARJE",135000.0,112.0,"REMAX Vogal, Nepremièninska družba, d.o.o.",1975,VP
6016178,"LJ. MOSTE, OB KAJUHOVI",135000.0,67.0,Agencija Jakkra-n d.o.o.,1964,1
6058047,"LJ. MOSTE, KAJUHOVA",135000.0,69.1,Optima nepremiènine d.o.o.,1966,4
6059562,"DOLGI MOST, UL. BORCA PETRA",135000.0,63.2,Nepremiènine Plus d.o.o.,2001,P
6060491,BRINJE,135000.0,56.9,Agencija Jakkra-n d.o.o.,1966,1
6061098,"LJ. BEŽIGRAD, GLINŠKOVA PLOŠÈAD",135000.0,49.1,"Nepremièninska agencija ""TLORIS"" Miro Toriæ s.p., Poslovna enota",1977,5
6061539,RAKOVNIK,135000.0,61.1,MKA nepremiènine d.o.o.,1974,3
6061550,LJ. BEŽIGRAD,135000.0,51.1,MESTO NEPREMIÈNIN d.o.o.,1977,1
6018630,LJ. MOSTE,135000.0,75.0,Zasebna ponudba,1960,4
6042913,"VIŽMARJE, ŠIŠKA",135000.0,112.0,Zasebna ponudba,1975,VP
6052213,DOLGI MOST,135000.0,44.7,"RECONSULT d.o.o., PE RCN, RECONSULT NEPREMIÈNINE",1999,P
6054999,LJ. VIÈ,134000.0,65.4,Rocco nepremiènine d.o.o.,1976,4
6060407,ZG. ŠIŠKA,134000.0,59.0,N-invest d.o.o.,1963,4
5995412,"LJ. VIÈ, DOLGI MOST",133000.0,55.8,LJUBLJANA NEPREMIÈNINE d.o.o.,1998,1
6034510,LJ. VIÈ,133000.0,56.0,Neptun nepremiènine - Borut Vodopivec s.p.,1997,1
6054681,"LJ. VIÈ, KUPEC NE PLAÈA PROVIZIJE",133000.0,55.8,"Agenti Celje, AŽ&MB Nerad d.o.o.",1998,1
6060554,"ZG. ŠIŠKA, LJUBELJSKA CESTA",133000.0,58.9,Mreža nepremiènin d.o.o.,1965,VP
6060669,"ZG. ŠIŠKA, LJUBELJSKA CESTA",133000.0,58.9,Mreža nepremiènin d.o.o.,1965,VP
6059667,"LJ. MOSTE, FUŽINE",132000.0,57.1,MESTO NEPREMIÈNIN d.o.o.,1986,1
6059863,"FUŽINE, BRODARJEV TRG",132000.0,60.5,Vehovar nepremiènine d.o.o.,1982,1
6053031,"VIŽMARJE, TACENSKA CESTA",132000.0,54.06,SINEP družba za investiranje d.o.o.,2003,1
6060558,"FUŽINE, RUSJANOV TRG",132000.0,58.8,Feniks nepremiènine d.o.o.,1987,ni podatka
6060589,LJ. CENTER,132000.0,52.4,Inalbea d.o.o.,1962,1
6053346,FUŽINE,132000.0,59.0,Zasebna ponudba,1987,1
6055566,"FUŽINE, RUSJANOV TRG",132000.0,59.0,Mreža nepremiènin d.o.o.,1987,1
5967390,"ÈRNUÈE, SPODNJE OKROGARJEVA 2",131020.0,63.84,LIN nepremiènine d.o.o.,2017,3
6061030,ŠENTVID,131000.0,63.6,Real Go d.o.o.,1966,1
6041132,TACEN,130000.0,93.5,"REMAX Vogal, Nepremièninska družba, d.o.o.",2009,P
6015434,"LJ. ŠIŠKA, ALJAZEVA, PRILOZNOST ZA OBNOVO",130000.0,89.0,PREMIER NEPREMIÈNINE posredovanje d.o.o.,1964,ni podatka
6056877,"LJ. ŠIŠKA, PODUTIK",130000.0,60.0,MESTO NEPREMIÈNIN d.o.o.,1972,1
5902889,LJ. BEŽIGRAD,130000.0,64.0,"STANART d.o.o., PE LJUBLJANA",1966,VP
6022575,"TACEN, ODLIÈNA, BLIZU AC, LPP",130000.0,52.76,"REMAX Vogal, Nepremièninska družba, d.o.o.",2009,2
6021525,LJ. ŠIŠKA,130000.0,57.4,Zasebna ponudba,1972,ni podatka
6055347,PODUTIK,130000.0,60.0,Zasebna ponudba,1972,1
6052013,LJ. MOSTE,130000.0,68.2,Atrium nepremiènine d.o.o.,1959,ni podatka
6056315,ŠTEPANJSKO NASELJE,129900.0,63.9,Rezidenca nepremiènine d.o.o.,1975,3
6048692,"ŠTEPANJSKO NASELJE, MOSTE POLJE",129900.0,63.0,Zasebna ponudba,1974,3
5464721,LJ. MOSTE,129000.0,62.0,"Komfort skupina d.o.o., nepremiènine",2010,ni podatka
6025133,"LJ. MOSTE, VODMAT",129000.0,53.4,LJUBLJANA NEPREMIÈNINE d.o.o.,1964,VP
6059021,VODMAT,129000.0,53.2,Rojal invest d.o.o.,1964,VP
6059106,"LJ. MOSTE, KODELJEVO",129000.0,47.52,MESTO NEPREMIÈNIN d.o.o.,1963,4
6025508,LJ. CENTER,129000.0,76.5,"Dodoma d.o.o., PE Ljubljana",1890,1
6030502,ŠENTVID,129000.0,57.55,LGP d.o.o.,1977,1
5967386,"ÈRNUÈE, SPODNJE OKROGARJEVA 2",128800.0,66.3,LIN nepremiènine d.o.o.,2017,1
6050107,LJ. BEŽIGRAD,128000.0,44.7,"STAN nepremiènine d.o.o., Ljubljana",2009,3
6058655,LJ. BEŽIGRAD,128000.0,54.6,"STAN nepremiènine d.o.o., Ljubljana",1977,1
6043368,"LJ. BEŽIGRAD, BS3 REBOLJEVA",128000.0,60.6,Studio modul d.o.o.,1978,2
6056328,"LJ. BEŽIGRAD, ULICA METODA MIKUŽA",128000.0,54.4,"Šardi&Co. nepremiènine, družba za posredovanje v prometu z nepremièninami, d.o.o.",1986,3
5967383,"ÈRNUÈE, SPODNJE OKROGARJEVA 2",127580.0,63.91,LIN nepremiènine d.o.o.,2017,1
5967387,"ÈRNUÈE, SPODNJE OKROGARJEVA 2",126970.0,61.97,LIN nepremiènine d.o.o.,2017,2
6038701,"LJ. MOSTE, ROŽIÈEVA ULICA",125000.0,62.0,"Abstract nepremiènine, Igor Kerin s.p.",1962,1
6017559,"LJ. ŠIŠKA, BROD",125000.0,52.8,MESTO NEPREMIÈNIN d.o.o.,2009,1
6047464,"LJ. CENTER, VODMAT",125000.0,48.4,MESTO NEPREMIÈNIN d.o.o.,1964,VP
5871537,LJ. VIÈ,125000.0,33.5,LJUBLJANA NEPREMIÈNINE d.o.o.,2011,P
6050891,"LJ. MOSTE, FUZINE",125000.0,69.0,"Komfort skupina d.o.o., nepremiènine",1982,VP
6054379,"LJ. CENTER, BLIŽINA MEDICINSKE FAKULTETE",125000.0,53.4,"STAN nepremiènine d.o.o., Ljubljana",1964,VP
6055678,LJ. VIÈ,125000.0,54.3,Neptun nepremiènine - Borut Vodopivec s.p.,1980,4
5976853,"ŠENTVID, ZNIŽANA CENA",125000.0,80.8,PREMIER NEPREMIÈNINE posredovanje d.o.o.,1965,3
6061140,"LJ. CENTER, VODMAT",125000.0,64.1,Feniks nepremiènine d.o.o.,1964,VP
6059589,LJ. VIÈ,125000.0,67.6,K 3 Kern d.o.o.,1965,ni podatka
6024240,"VODMAT, LJ CENTER",125000.0,53.24,Zasebna ponudba,1964,VP
6053201,LJ. CENTER,125000.0,48.4,Mreža nepremiènin d.o.o.,1964,VP
6035729,"LJ. MOSTE, BLIZU ZELENE JAME",125000.0,66.0,ABC nepremiènine d.o.o.,1936,ni podatka
6054657,"LJ. CENTER, VODMAT, BREZ PROVIZIJE ZA KUPCA",125000.0,53.42,"Agenti Celje, AŽ&MB Nerad d.o.o.",1964,ni podatka
6057458,RUDNIK,125000.0,56.0,Mreža nepremiènin d.o.o.,1996,2
6059721,"ROŽNA DOLINA, NASPROTI NASELJA GRBINA",124000.0,60.0,Mreža nepremiènin d.o.o.,1973,P
6054215,LJ. ŠIŠKA,123600.0,74.5,"Stoja trade, d.o.o., Ljubljana",2009,ni podatka
6043961,"LJ. MOSTE, ULICA VIDE PREGARÈEVE 34",123000.0,102.0,DFI d.o.o.,1965,VP
6057327,"LJ. MOSTE, BLIZU ZDRAVSTVENEGA DOMA",122000.0,58.2,Borza nepremiènin d.o.o.,1960,P
6030789,"LJ. MOSTE, ZALOG",120000.0,61.6,MESTO NEPREMIÈNIN d.o.o.,1975,VP
5595091,PODUTIK,120000.0,45.0,Nepremiènine Plus d.o.o.,2009,3
6010833,"POLJE, ZAÈETEK POLJA, TIK CEZ OBVOZNICO",120000.0,67.5,REGROUP d.o.o.,1900,1
6038623,LJ. CENTER,120000.0,45.9,LJUBLJANA NEPREMIÈNINE d.o.o.,1651,1
6059943,"LJ. VIÈ, RUDNIK",120000.0,55.0,MESTO NEPREMIÈNIN d.o.o.,1997,2
6060853,"SP. ŠIŠKA, Z VRTOM",120000.0,130.0,"Property d.o.o., PE Ljubljana",1900,P
6049378,"RUDNIK, LONDON",120000.0,55.0,Zasebna ponudba,1997,2
6055209,RUDNIK,120000.0,56.7,"Stoja trade, d.o.o., Ljubljana",1996,2
6026150,"LJ. ŠIŠKA, ŠENTVID",119000.0,75.0,MESTO NEPREMIÈNIN d.o.o.,1932,3
6052484,"LJ. ŠIŠKA, ŠENTVID - PRUŠNIKOVA",119000.0,80.76,AGAN d.o.o.,1995,3
6055834,POLJE,119000.0,70.0,"Ornis, nepremiènine, zastopanje in svetovanje d.o.o.",1964,1
6059136,"LJ. ŠIŠKA, ŠENTVID - PRUŠNIKOVA",119000.0,80.75,AGAN d.o.o.,1995,3
6059143,"LJ. ŠIŠKA, ŠENTVID - PRUŠNIKOVA",119000.0,80.76,AGAN d.o.o.,1995,3
6054311,"LJ. ŠIŠKA, DRAVLJE",119000.0,35.0,Rocco nepremiènine d.o.o.,2009,2
5921468,"POLJE, ZA OBVOZNICO",119000.0,71.0,"Branik prvi d.o.o., nepremiènine bios",1968,1
6049691,"LJ. ŠIŠKA, CELOVŠKA 127",119000.0,40.0,SINEP družba za investiranje d.o.o.,1964,5
6061373,"LJ. MOSTE, HERMANA POTOÈNIKA",119000.0,58.63,"Šardi&Co. nepremiènine, družba za posredovanje v prometu z nepremièninami, d.o.o.",1978,2
6055248,"LJ. MOSTE, HERMANA POTOÈNIKA",119000.0,58.63,"Šardi&Co. nepremiènine, družba za posredovanje v prometu z nepremièninami, d.o.o.",1978,2
6033159,ŠTEPANJSKO NASELJE,119000.0,65.0,Zasebna ponudba,1976,3
6052194,"LJ. MOSTE, MIRNA LOKACIJA",119000.0,49.52,"RECONSULT d.o.o., PE RCN, RECONSULT NEPREMIÈNINE",1963,1
6061606,"LJ. BEŽIGRAD, SAVSKO NASELJE",119000.0,56.0,Zasebna ponudba,1958,2
6032433,"LJ. MOSTE, ŠTEPANJSKO NASELJE",118000.0,47.7,Studio modul d.o.o.,1976,2
6048968,"LJ. ŠIŠKA, BLIŽINA ŠIŠENSKEGA HRIBA, MOSTECA",118000.0,47.0,ALEA nepremièninska družba d.o.o.,1960,3
6010475,"TACEN, TACENSKA CESTA",118000.0,36.0,Zasebna ponudba,2008,3
6059665,"LJ. ŠIŠKA, ŠENTVID",117000.0,41.2,MESTO NEPREMIÈNIN d.o.o.,1969,4
6061151,"LJ. ŠIŠKA, ANDREAŠEVA",117000.0,40.0,Zasebna ponudba,1979,3
6051485,"LJ. ŠIŠKA, BLIŽINA MOSTECA",116000.0,48.1,"STAN nepremiènine d.o.o., Ljubljana",1971,6
6050472,LJ. ŠIŠKA,116000.0,48.1,Eventum d.o.o.,1971,6
6040759,"LJ. ŠIŠKA, CELOVŠKA CESTA",115000.0,35.2,Rojal invest d.o.o.,1973,9
5984075,"TRNOVO, SREBRNIÈEVA",115000.0,79.0,Svet RE d.o.o.,1984,1
6052111,"LJ. ŠIŠKA, SPODNJA",115000.0,39.9,MESTO NEPREMIÈNIN d.o.o.,1940,VP
6051699,LJ. ŠIŠKA,115000.0,45.6,Eventum d.o.o.,1960,3
6011206,"LJ. VIÈ, ZGORNJI, NEPOPLAVNI DEL VIÈA",115000.0,52.9,"STANART d.o.o., PE LJUBLJANA",1950,2
6053082,LJ. MOSTE,115000.0,63.3,Mernet d.o.o.,1950,1
6059619,"POLJE, ZALOŠKA CESTA 186",115000.0,51.7,EvroN d.o.o.,1912,2
6059761,"LJ. VIÈ, IG - ZAGORICA",115000.0,60.2,"Nepremièninska agencija ""TLORIS"" Miro Toriæ s.p., Poslovna enota",1988,VP
6059554,"LJ. ŠIŠKA, BROD",115000.0,44.31,MESTO NEPREMIÈNIN d.o.o.,2006,1
6059161,"LJ. ŠIŠKA, TERASA",115000.0,40.0,ALEA nepremièninska družba d.o.o.,2006,1
6060059,ÈRNUÈE,115000.0,39.8,MP PROJEKT d.o.o.,2009,5
6060590,"LJ. BEŽIGRAD, ÈRNUÈE",115000.0,36.6,MESTO NEPREMIÈNIN d.o.o.,2009,5
6060775,"LJ. ŠIŠKA, MOSTEC",115000.0,90.0,UgodNepremicnine - Vehar Sebastjan s.p.,1933,1
5820096,"LJ. CENTER, BOHORIÈEVA UL. 17",115000.0,31.23,"Dominos d.o.o., PE Ljubljana",2009,P
6057184,"RUDNIK, OB DOLENJSKI CESTI BLIZU CENTRA",115000.0,63.7,Zasebna ponudba,1910,1
5970259,"LJ. BEŽIGRAD, ÈRTOMIROVA ULICA",115000.0,48.0,Zasebna ponudba,1969,4
6059551,"ÈRNUÈE, SAVSKI BREG",115000.0,39.82,Zasebna ponudba,2009,5
6058605,"TACEN, TACENSKI DVORI",115000.0,38.5,Zasebna ponudba,2006,1
6045818,ZALOG,115000.0,53.5,ABC nepremiènine d.o.o.,2000,1
6056474,"LJ. ŠIŠKA, PILONOVA SOSESKA",113000.0,45.0,Blok d.o.o.,2008,1
6059545,"LJ. ŠIŠKA, ZGONJA, BLIŽINA LPP",113000.0,45.0,Rojal invest d.o.o.,1975,6
6058646,VRHOVCI,113000.0,54.0,REGROUP d.o.o.,1997,P
6055867,"LJ. CENTER, DALMATINOVA ULICA 10, BREZ PROVIZIJE ZA KUPCA",113000.0,32.1,"Agenti Celje, AŽ&MB Nerad d.o.o.",1896,3
6058127,"ZG. ŠIŠKA, ŠIŠENSKA CESTA",113000.0,50.0,Mreža nepremiènin d.o.o.,1960,3
6060553,ZALOG,111800.0,43.0,Zasebna ponudba,1975,2
6042357,STOŽICE,110000.0,44.7,Domplan d.d.,2000,P
6012027,LJ. BEŽIGRAD,110000.0,44.7,"MP PROJEKT, d.o.o., PE Ljubljana",2000,P
6039786,"LJ. ŠIŠKA, GRUDNOVA",110000.0,76.3,Svet RE d.o.o.,2009,PK
6048756,"LJ. BEŽIGRAD, VODOVODNA CESTA",110000.0,54.0,Mikljiè-Hribar Company d.o.o.,1900,1
6055688,POLJE,110000.0,49.0,Roni nepremiènine d.o.o.,1973,ni podatka
6059048,LJ. BEŽIGRAD,110000.0,33.9,"Livo d.o.o., PE nepremièninsko posredovanje",1946,P
6059663,PODUTIK,110000.0,45.3,"MP PROJEKT, d.o.o., PE Ljubljana",2008,1
6059582,"DRAVLJE, ŠIŠKA",110000.0,45.0,"REMAX Vogal, Nepremièninska družba, d.o.o.",2008,1
6059664,"LJ. ŠIŠKA, SOSESKA PILON",110000.0,45.0,ALEA nepremièninska družba d.o.o.,2008,1
6059839,"LJ. ŠIŠKA, PODUTIK",110000.0,42.3,MESTO NEPREMIÈNIN d.o.o.,2008,1
6059860,LJ. ŠIŠKA,110000.0,44.4,Aladin inženiring d.o.o.,1940,VP
6059844,LJ. ŠIŠKA,110000.0,38.0,ALEA nepremièninska družba d.o.o.,2006,1
6059875,"LJ. BEŽIGRAD, BS4",110000.0,44.7,"Livo d.o.o., PE nepremièninsko posredovanje",2000,P
6060326,"LJ. ŠIŠKA, ZGORNJA",110000.0,33.8,LJUBLJANA NEPREMIÈNINE d.o.o.,1973,9
6060720,"LJ. ŠIŠKA, PODUTIK",110000.0,45.3,LJUBLJANA NEPREMIÈNINE d.o.o.,2008,1
6059764,"LJ. BEŽIGRAD, ŽUPANÈIÈEVA JAMA",110000.0,45.0,Zasebna ponudba,1972,3
5793489,LJ. CENTER,110000.0,67.0,Zasebna ponudba,1930,1
6058904,"SAVSKO NASELJE, LJ. BEŽIGRAD",110000.0,40.0,Zasebna ponudba,1946,P
6033172,"ZG. ŠIŠKA, CELOVŠKA CESTA",110000.0,36.0,Zasebna ponudba,1973,9
6010408,"LJ. BEŽIGRAD, DUNAJSKA CESTA, STOŽICE",110000.0,45.0,Zasebna ponudba,2000,P
6044816,LJ. BEŽIGRAD,110000.0,42.0,Zasebna ponudba,1960,1
6058887,"PODUTIK, DRAVLJE, GLINCE",110000.0,45.0,Zasebna ponudba,2008,1
6059715,"PODUTIK, PILON",110000.0,45.5,Mreža nepremiènin d.o.o.,2008,1
6054680,"LJ. BEŽIGRAD, BREZ PROVIZIJE ZA KUPCA",110000.0,44.0,"Agenti Celje, AŽ&MB Nerad d.o.o.",2000,P
6060529,"LJ. BEŽIGRAD, SAVSKO NASELJE, BREZ PROVIZIJE ZA KUPCA",110000.0,40.0,"Agenti Celje, AŽ&MB Nerad d.o.o.",1946,P
6058368,"ZG. ŠIŠKA, VODNIKOVA ULICA",110000.0,44.0,Mreža nepremiènin d.o.o.,1909,P
6047832,"LJ. ŠIŠKA, GOTSKA",109950.0,36.6,Pun nepremiènine d.o.o.,1972,1
6021526,VIŽMARJE,109900.0,60.0,Zasebna ponudba,1968,M
6055467,"LJ. CENTER, VODMAT",109500.0,50.0,MESTO NEPREMIÈNIN d.o.o.,1972,4
6046125,LJ. ŠIŠKA,109000.0,36.0,Neptun nepremiènine - Borut Vodopivec s.p.,1972,9
6049610,"LJ. ŠIŠKA, KINO",109000.0,33.8,MESTO NEPREMIÈNIN d.o.o.,1972,9
6059017,"LJ. ŠIŠKA, BLIŽINA KINA",109000.0,35.2,Rojal invest d.o.o.,1973,9
6057107,"TRNOVO, LJ. - KOSESKEGA",109000.0,37.0,"Neo nepremiènine, Stanislav Osenar s.p.",1976,2
6049715,ZG. ŠIŠKA,109000.0,33.7,Sonce skupina d.o.o.,1973,9
6052002,"LJ. MOSTE, VEVÈE",108000.0,46.6,Studio modul d.o.o.,1960,2
6045036,"LJ. VIÈ, NASPROTI CENTRA MURGLE",108000.0,46.86,Zasebna ponudba,1960,1
6054792,"LJ. VIÈ, TRNOVSKO PREDMESTJE",108000.0,44.4,"Stoja trade, d.o.o., Ljubljana",1960,1
5797964,BROD,107000.0,45.82,"REMAX Vogal, Nepremièninska družba, d.o.o.",2009,1
6061566,"FUŽINE, ARCHINETOVA",107000.0,38.1,Feniks nepremiènine d.o.o.,1985,P
6054563,"FUŽINE, ATRIJ",107000.0,38.1,Zasebna ponudba,1985,VP
5994751,"TOMAÈEVO, BTC BEŽIGRAD",107000.0,150.0,Zasebna ponudba,1976,P+1
6057910,"LJ. BEŽIGRAD, BS 3",106000.0,46.0,Mernet d.o.o.,1982,9
6050179,LJ. CENTER,105000.0,27.0,Vizija Mojca Poglajen s.p.,1814,ni podatka
6055199,LJ. ŠIŠKA,105000.0,43.5,MESTO NEPREMIÈNIN d.o.o.,1972,3
6055572,"LJ. ŠIŠKA, PRI KOSEŠKI TRŽNICI",105000.0,44.0,ALEA nepremièninska družba d.o.o.,1972,3
5797957,"BROD, TACENSKE BRZICE",105000.0,45.82,"REMAX Vogal, Nepremièninska družba, d.o.o.",2009,2
5786406,TACEN,105000.0,58.29,"REMAX Vogal, Nepremièninska družba, d.o.o.",2009,1
5929561,ÈRNUÈE,105000.0,38.0,DVOREC POSREDNIŠKA HIŠA d.o.o.,1975,4
6060659,"LJ. CENTER, MED TROMOSTOVJEM IN TIVOLIJEM",105000.0,37.6,Zasebna ponudba,2000,3
6044826,LJ. CENTER,105000.0,27.0,Zasebna ponudba,1900,P
6054839,"LJ. ŠIŠKA, ADAMIÈEVA",105000.0,42.0,Zasebna ponudba,1972,3
6049966,"LJ. VIÈ, BONIFACIJA",105000.0,65.0,Zasebna ponudba,1975,1
6050855,LJ. VIÈ,105000.0,65.5,Atrium nepremiènine d.o.o.,1975,ni podatka
6055521,"LJ. ŠIŠKA, ADAMIÈEVA ULICA",105000.0,46.0,Mreža nepremiènin d.o.o.,1972,3
6059911,ÈRNUÈE,105000.0,39.3,ABC nepremiènine d.o.o.,1956,ni podatka
6055564,BS 3,105000.0,45.9,Mreža nepremiènin d.o.o.,1982,9
6049571,"LJ. BEŽIGRAD, ÈRNUÈE",104900.0,44.4,MESTO NEPREMIÈNIN d.o.o.,1980,VP
6059000,ÈRNUÈE,104900.0,46.6,Rojal invest d.o.o.,1980,VP
6061560,ÈRNUÈE,104900.0,44.4,Feniks nepremiènine d.o.o.,1981,VP
5986682,ÈRNUÈE,104900.0,44.4,Zasebna ponudba,1981,VP
6051535,ÈRNUÈE,104900.0,45.0,Mreža nepremiènin d.o.o.,1981,VP
6054676,"ÈRNUÈE, KUPEC NE PLAÈA PROVIZIJE",104900.0,46.6,"Agenti Celje, AŽ&MB Nerad d.o.o.",1980,VP
6035352,"LJ. VIÈ, ANTONOV TRG",100000.0,37.57,Pun nepremiènine d.o.o.,2006,3
6033622,"LJ. BEŽIGRAD, LINHARTOVA CESTA",100000.0,68.2,"Abstract nepremiènine, Igor Kerin s.p.",1937,PK
5598092,VEVÈE,100000.0,80.5,D5 invest d.o.o.,1900,1
6010372,"LJ. VIÈ, TRŽAŠKA CESTA",100000.0,35.0,Zasebna ponudba,2006,3
6053088,LJ. ŠIŠKA,100000.0,56.7,"Stoja trade, d.o.o., Ljubljana",2009,P+1
6039320,"LJ. MOSTE, BLIŽINA UKC",99000.0,47.0,Pogodba nepremiènine in pravno svetovanje d.o.o.,1927,1
6029758,"LJ. ŠIŠKA, ALEŠOVÈEVA ULICA",99000.0,71.2,Rojal invest d.o.o.,1961,P
6051928,"LJ. BEŽIGRAD, BS3",99000.0,40.0,MESTO NEPREMIÈNIN d.o.o.,1982,15
6056870,LJ. BEŽIGRAD,99000.0,52.0,MESTO NEPREMIÈNIN d.o.o.,1939,PK
6059838,LJ. ŠIŠKA,99000.0,54.0,Roni nepremiènine d.o.o.,1906,M
6058135,LJ. ŠIŠKA,99000.0,66.0,Eventum d.o.o.,1933,VP
6011790,VIŽMARJE,99000.0,43.6,Zasebna ponudba,2006,1
6011278,"LJ. ŠIŠKA, ZGORNJA",98500.0,41.3,MESTO NEPREMIÈNIN d.o.o.,1960,P
6057764,VEVÈE,98000.0,58.2,Viping d.o.o.,2010,M
6060804,"LJ. BEŽIGRAD, BRATOVŠEVA PLOŠÈAD",98000.0,41.0,REGROUP d.o.o.,1978,8
6045453,"LJ. CENTER, BEETHOVNOVA ULICA, POLKLETNO",98000.0,63.0,Zasebna ponudba,1927,PK
6053699,LJ. ŠIŠKA,96700.0,51.8,"Stoja trade, d.o.o., Ljubljana",2009,4
6059818,"LJ. BEŽIGRAD, PARMOVA CESTA",96000.0,52.9,ARS-T d.o.o.,1940,PK
6056424,LJ. BEŽIGRAD,96000.0,52.0,Mreža nepremiènin d.o.o.,1940,PK
6060314,"LJ. MOSTE, ŠTEPANJSKO NASELJE",94900.0,40.8,Feniks nepremiènine d.o.o.,1976,1
6016590,"LJ. MOSTE, ZALOG",94000.0,53.3,Lares nepremièninska družba d.o.o.,2007,1
6058170,"ÈRNUŠKA GMAJNA, POLANŠKOVA ULICA",94000.0,44.4,Zasebna ponudba,1988,3
6010176,"LJ. MOSTE, ŠTEPANJSKO NASELJE",92000.0,37.43,MESTO NEPREMIÈNIN d.o.o.,1975,VP
6046169,"TRNOVO, TRNOVSKI PRISTAN",92000.0,35.0,Zasebna ponudba,1918,P
6054557,ÈRNUÈE,92000.0,35.4,Zasebna ponudba,1988,2
6060672,"LJ. BEŽIGRAD, DUNAJSKA CESTA 113",91800.0,36.0,Borza nepremiènin d.o.o.,1991,1
5914852,"LJ. ŠIŠKA, ZGORNJA",91000.0,91.0,LJUBLJANA NEPREMIÈNINE d.o.o.,1940,PK
6043043,"LJ. MOSTE, ZALOŠKA CESTA",90000.0,50.0,Kristal nepremiènine d.o.o.,1912,3
6055731,ÈRNUÈE,90000.0,58.0,Roni nepremiènine d.o.o.,1900,P
6054057,LJ. ŠIŠKA,90000.0,38.1,"STAN nepremiènine d.o.o., Ljubljana",2011,VP
6040067,"LJ. ŠIŠKA, TUGOMERJEVA",90000.0,38.1,"Vifras d.o.o., nepremiènine",2011,VP
6058100,LJ. BEŽIGRAD,90000.0,36.4,MESTO NEPREMIÈNIN d.o.o.,1969,3
6058870,"LJ. BEŽIGRAD, ODLICNA LOKACIJA",90000.0,38.0,"MA - nepremièninska družba, Marko Aliè s.p.",1969,3
6059059,"LJ. BEŽIGRAD, ÈRTOMIROVA UL.",90000.0,37.8,Svet RE d.o.o.,1969,3
5962792,"BROD, ODLIÈNA LOKACIJA",90000.0,46.72,"REMAX Vogal, Nepremièninska družba, d.o.o.",2009,ni podatka
6061094,LJ. ŠIŠKA,90000.0,38.1,"Nepremiènine M8, Lea Kavaliè s.p.",1964,VP
6054533,"SAVSKO NASELJE, BEŽIGRAD",90000.0,32.0,Zasebna ponudba,1958,5
6058379,"LJ. MOSTE, ZADOBROVA, CESTA NA JEŽAH",90000.0,63.0,Zasebna ponudba,2010,P
6036552,"LJ. ŠIŠKA, TRG KOMANDANTA STANETA",90000.0,33.4,ABC nepremiènine d.o.o.,1970,ni podatka
6044011,"LJ. BEŽIGRAD, ÈRNUÈE",89000.0,42.0,ALEA nepremièninska družba d.o.o.,1973,VP
6047326,ŠMARTNO POD ŠMARNO GORO,89000.0,55.0,MESTO NEPREMIÈNIN d.o.o.,1950,M
5910432,LJ. CENTER,89000.0,36.0,HIP KA d.o.o.,1964,VP
6050425,"LJ. CENTER, PRULE",89000.0,32.7,"STAN nepremiènine d.o.o., Ljubljana",1960,4
6052177,"LJ. ŠIŠKA, - SPODNJA",89000.0,25.9,MESTO NEPREMIÈNIN d.o.o.,1968,9
6053809,"LJ. CENTER, NASPROTI RTV",89000.0,24.0,Arcimboldo d.o.o.,1956,5
6056862,LJ. MOSTE,89000.0,30.2,MESTO NEPREMIÈNIN d.o.o.,1961,4
6057017,"LJ. BEŽIGRAD, ÈRTOMIROVA ULICA",89000.0,38.0,Zasebna ponudba,1969,3
6057008,"LJ. VIÈ, POKLUKARJEVA",89000.0,42.8,ABC nepremiènine d.o.o.,1974,4
6048442,"LJ. ŠIŠKA, NA JAMI",89000.0,26.8,ABC nepremiènine d.o.o.,1968,ni podatka
6054633,"TACEN, ŠMARTNO, BREZ PROVIZIJE ZA KUPCA",89000.0,68.0,"Agenti Celje, AŽ&MB Nerad d.o.o.",1950,M
6053666,"LJ. ŠIŠKA, ULICA BRATOV BABNIK",88900.0,31.0,Zasebna ponudba,1984,1
5967393,"ÈRNUÈE, SPODNJE OKROGARJEVA 2",88130.0,41.79,LIN nepremiènine d.o.o.,2017,2
6056964,"ZG. ŠIŠKA, NA JAMI",88000.0,46.0,Blok 5 d.o.o.,1938,PK
5967396,"ÈRNUÈE, SPODNJE OKROGARJEVA 2",87770.0,40.82,LIN nepremiènine d.o.o.,2017,3
6051163,"LJ. VIÈ, RUDNIK",87000.0,41.9,"STAN nepremiènine d.o.o., Ljubljana",2007,P
6061340,"LJ. VIÈ, IŽANSKA CESTA",87000.0,55.8,"Nepremièninska agencija ""TLORIS"" Miro Toriæ s.p., Poslovna enota",2007,1
6034519,VODMAT,87000.0,35.0,Zasebna ponudba,1963,1
5898257,ROŽNA DOLINA,86000.0,43.6,"Branik prvi d.o.o., nepremiènine bios",1940,PK
6060679,SOSTRO,86000.0,55.0,Zasebna ponudba,2008,P
5924595,"LJ. MOSTE, ZALOG",85600.0,40.0,"Branik prvi d.o.o., nepremiènine bios",2008,P
5915263,ZALOG,85600.0,40.0,"Branik prvi d.o.o., nepremiènine bios",2008,ni podatka
6043946,"LJ. MOSTE, FUŽINE",85000.0,33.6,EvroN d.o.o.,1988,3
6038663,LJ. CENTER,85000.0,30.37,Re-Domus nepremièninska družba d.o.o.,2008,M
5990733,DOBRUNJE,85000.0,52.3,DVOREC POSREDNIŠKA HIŠA d.o.o.,1928,P
6054091,"LJ. ŠIŠKA, CELOVŠKI DVORI",85000.0,46.0,Zasebna ponudba,2010,1
6059832,DRAVLJE,84500.0,32.5,"MP PROJEKT, d.o.o., PE Ljubljana",1983,9
6058626,"DRAVLJE, CELOVŠKA",84500.0,32.0,Zasebna ponudba,1984,10
6060424,DRAVLJE,84500.0,32.0,Mreža nepremiènin d.o.o.,1984,10
6058608,"ZG. ŠIŠKA, LJ. BRILEJEVA",84000.0,29.38,Zasebna ponudba,1984,9
6061108,"VODMAT, BLIZU KLINIÈNEGA CENTRA",84000.0,25.0,Zasebna ponudba,1961,4
6035292,"LJ. MOSTE, POLJE - SNEBERJE",83000.0,41.3,"Livo d.o.o., PE nepremièninsko posredovanje",1965,1
6022819,"RUDNIK, DOLENJSKA CESTA",82000.0,85.0,Rojal invest d.o.o.,1933,ni podatka
6015435,LJ. ŠIŠKA,82000.0,40.0,Agencija Jakkra-n d.o.o.,1931,1
6058513,TRNOVO,82000.0,40.0,LJUBLJANA NEPREMIÈNINE d.o.o.,1919,2
6054304,"LJ. ŠIŠKA, VODNIKOVA CESTA 259",82000.0,25.0,Zasebna ponudba,2007,P
6042487,"LJ. CENTER, STRELIŠKA ULICA 1 A",82000.0,28.69,Zasebna ponudba,1980,ni podatka
6055876,"DRAVLJE, NASPROTI MERCATOR CENTRA ŠIŠKA",82000.0,31.0,Zasebna ponudba,1982,3
6057110,LJ. VIÈ,81000.0,27.0,Zasebna ponudba,1965,4
6054932,POLJE,81000.0,30.0,Zasebna ponudba,2015,1
6038854,"LJ. MOSTE, V BLIŽINI KLINIÈNEGA CENTRA",79500.0,74.95,Makra as Marko Krajner s.p.,1960,PK
6054771,LJ. ŠIŠKA,79500.0,36.6,"Stoja trade, d.o.o., Ljubljana",2009,5
6025792,"LJ. MOSTE, ŠTEP. NASELJE, JAKÈEVA ULICA",79000.0,28.8,"Visa d.o.o., Ljubljana",1978,7
5991810,"LJ. ŠIŠKA, KOSEZE - TERASASTI BLOKI",79000.0,33.1,Akcent d.o.o. Ljubljana,1974,3
5941263,"LJ. ŠIŠKA, KOSEZE, TERASASTI BLOKI",79000.0,33.1,Akcent d.o.o. Ljubljana,1974,3
6059962,"LJ. BEŽIGRAD, NASPROTI FAKULTET",79000.0,26.0,ALEA nepremièninska družba d.o.o.,1966,4
6057417,"BRINJE, BEŽIGRAD",79000.0,25.0,Zasebna ponudba,1966,4
6016440,POLJE,78000.0,39.3,Zasebna ponudba,1998,P
6060661,"POLJE, CESTA XII/2",78000.0,29.5,Zasebna ponudba,1973,4
6035237,"LJ. ŠIŠKA, CELOVŠKA CESTA",77000.0,28.0,Agencija Jakkra-n d.o.o.,1974,7
6041038,"LJ. MOSTE, ŠTEPANJSKO NASELJE",77000.0,27.0,PAK INVEST d.o.o.,1978,13
6048318,"LJ. MOSTE, ŠTEPANJSKO NASELJE",77000.0,27.0,PAK INVEST d.o.o.,1978,13
6060319,"LJ. ŠIŠKA, CELOVŠKA CESTA",75000.0,26.9,Rojal invest d.o.o.,1968,2
6060020,"BRINJE, BEŽIGRAD",75000.0,26.0,Zasebna ponudba,1969,3
6041722,NOVE FUŽINE,74000.0,30.24,Zasebna ponudba,1981,3
6056984,"LJ. MOSTE, POLJE",73000.0,29.0,MESTO NEPREMIÈNIN d.o.o.,1974,4
6053916,"ŠTEPANJSKO NASELJE, BLIŽINA VRTCA OTONA ZUPANÈIÈA",73000.0,26.6,"Stoja trade, d.o.o., Ljubljana",1914,1
6059181,POLJE,73000.0,30.0,Mreža nepremiènin d.o.o.,1974,4
6049878,"LJ. ŠIŠKA, VIŽMARJE",72500.0,39.0,Svet RE d.o.o.,2009,M
5995936,"LJ. ŠIŠKA, TACEN",72000.0,55.3,MESTO NEPREMIÈNIN d.o.o.,1920,1
6059257,"LJ. MOSTE, POLJE, CESTA VI/10",71000.0,30.0,Vizija Mojca Poglajen s.p.,1976,4
6058946,POLJE,71000.0,30.0,Zasebna ponudba,1976,4
6058342,"ÈRNUÈE, SPODNJE",70000.0,25.0,Zasebna ponudba,2008,5
5417407,VEVÈE,69000.0,25.0,"Komfort skupina d.o.o., nepremiènine",2001,2
6054776,LJ. ŠIŠKA,68200.0,26.9,"Stoja trade, d.o.o., Ljubljana",2009,P
6053698,LJ. ŠIŠKA,68200.0,26.9,"Stoja trade, d.o.o., Ljubljana",2009,P
6033485,"LJ. ŠIŠKA, ANDREAŠEVA ULICA 8",68000.0,26.4,Zasebna ponudba,1996,3
6035718,"LJ. ŠIŠKA, ANDREAŠEVA",68000.0,26.0,ABC nepremiènine d.o.o.,1996,ni podatka
6061242,"LJ. CENTER, KOLODVORSKA",68000.0,24.1,ABC nepremiènine d.o.o.,1900,ni podatka
6019194,"KOSEZE, PODUTIŠKA CESTA",67000.0,33.0,APN d.o.o.,1972,1
6056472,"LJ. CENTER, KOMENSKEGA",67000.0,24.0,ABC nepremiènine d.o.o.,1954,ni podatka
6049768,LJ. ŠIŠKA,65000.0,26.6,"REMAX Vogal, Nepremièninska družba, d.o.o.",1913,PK
6059891,LJ. ŠIŠKA,65000.0,26.5,"Livo d.o.o., PE nepremièninsko posredovanje",1913,PK
6047362,SP. ŠIŠKA,65000.0,26.6,Zasebna ponudba,2005,PK
6012237,LJ. MOSTE,64000.0,34.0,"Visa d.o.o., Ljubljana",1963,9
6059132,"LJ. ŠIŠKA, ZAÈETEK VODNIKOVE",63900.0,20.5,AGAN d.o.o.,1966,1
6054774,LJ. ŠIŠKA,62600.0,24.7,"Stoja trade, d.o.o., Ljubljana",2009,6
6053695,LJ. ŠIŠKA,61900.0,26.4,"Stoja trade, d.o.o., Ljubljana",2009,5
6054773,LJ. ŠIŠKA,61700.0,26.4,"Stoja trade, d.o.o., Ljubljana",2009,4
6019394,ÈRNUÈE,60000.0,27.5,"Nepremiènine KLEMENÈIÈ, Borut Klemenèiè Hoèevar s.p.",1982,2
6044374,"LJ. MOSTE, ZALOG",59500.0,33.6,Zasebna ponudba,2000,2
6039554,"LJ. ŠIŠKA, GRUDNOVA",59000.0,34.7,Svet RE d.o.o.,2009,M
5932572,"LJ. MOSTE, DOBRUNJE, JAVOR",59000.0,38.0,Mikljiè-Hribar Company d.o.o.,1950,P
6057037,"LJ. MOSTE, ŠTEPANJSKO NASELJE, STELETOVA",58000.0,22.0,Agencija Jakkra-n d.o.o.,1976,ni podatka
6027327,DRAVLJE,47000.0,21.5,"REMAX Vogal, Nepremièninska družba, d.o.o.",1983,4
6055450,"POLJANE, POLJANSKA 54",46000.0,37.3,Raiffeisenbank Eberndorf reg. Gen.m.b.H.,1896,2
6058118,DRAVLJE,45000.0,19.2,"MA - nepremièninska družba, Marko Aliè s.p.",1983,2
6052399,"DRAVLJE, CELOVŠKA CESTA BIVŠI HOTEL LIPA",45000.0,19.2,Zasebna ponudba,1983,2
6061600,LJ. ŠIŠKA,45000.0,32.8,LGP d.o.o.,1965,5
6050086,LJ. ŠIŠKA,42000.0,20.5,DVOREC POSREDNIŠKA HIŠA d.o.o.,1933,PK
6029756,"LJ. ŠIŠKA, ALEŠOVÈEVA ULICA",37000.0,19.7,Rojal invest d.o.o.,1961,M
6054902,POLJE,33000.0,39.0,Zasebna ponudba,1935,PK
6051293,"RUDNIK, VIÈ, IŽANSKA CESTA, ""VIÈ",32000.0,8.0,Zasebna ponudba,2004,1
6046985,LJ. MOSTE,28000.0,14.0,Zasebna ponudba,1730,4
6053946,LJ. MOSTE,22000.0,10.0,Zasebna ponudba,2000,ni podatka
6056847,"LJ. CENTER, PARK TIVOLI",18000.0,8.0,Zasebna ponudba,1985,5
6026366,"LJ. ŠIŠKA, ALEŠOVÈEVA ULICA",16000.0,7.3,Rojal invest d.o.o.,1961,K
